Title,Price,Date
Data Analyst in Training Future Data Analyst T-Shirt,"20,99",2023-03-13
Data Analyst in Training Future Data Analyst T-Shirt,"20,99",2023-03-13
Data Analyst in Training Future Data Analyst T-Shirt,"20,99",2023-03-13
Data Analyst in Training Future Data Analyst T-Shirt,"20,99",2023-03-13
Data Analyst in Training Future Data Analyst T-Shirt,"20,99",2023-03-13
Data Analyst in Training Future Data Analyst T-Shirt,"20,99",2023-03-13
Data Analyst in Training Future Data Analyst T-Shirt,"20,99",2023-03-13
Data Analyst in Training Future Data Analyst T-Shirt,"20,99",2023-03-13
Data Analyst in Training Future Data Analyst T-Shirt,"20,99",2023-03-13
Data Analyst in Training Future Data Analyst T-Shirt,"20,99",2023-03-13
Data Analyst in Training Future Data Analyst T-Shirt,"20,99",2023-03-13
Data Analyst in Training Future Data Analyst T-Shirt,"20,99",2023-03-13
Data Analyst in Training Future Data Analyst T-Shirt,"20,99",2023-03-13
Data Analyst in Training Future Data Analyst T-Shirt,"20,99",2023-03-13
Data Analyst in Training Future Data Analyst T-Shirt,"20,99",2023-03-13
Data Analyst in Training Future Data Analyst T-Shirt,"20,99",2023-03-13
Data Analyst in Training Future Data Analyst T-Shirt,"20,99",2023-03-13
Data Analyst in Training Future Data Analyst T-Shirt,"20,99",2023-03-13
Data Analyst in Training Future Data Analyst T-Shirt,"20,99",2023-03-13
Data Analyst in Training Future Data Analyst T-Shirt,"20,99",2023-03-13
Data Analyst in Training Future Data Analyst T-Shirt,"20,99",2023-03-13
Data Analyst in Training Future Data Analyst T-Shirt,"20,99",2023-03-13
Data Analyst in Training Future Data Analyst T-Shirt,"20,99",2023-03-13
Data Analyst in Training Future Data Analyst T-Shirt,"20,99",2023-03-13
Data Analyst in Training Future Data Analyst T-Shirt,"20,99",2023-03-13
Data Analyst in Training Future Data Analyst T-Shirt,"20,99",2023-03-13
Data Analyst in Training Future Data Analyst T-Shirt,"20,99",2023-03-13
Data Analyst in Training Future Data Analyst T-Shirt,"20,99",2023-03-13
Data Analyst in Training Future Data Analyst T-Shirt,"20,99",2023-03-13
Data Analyst in Training Future Data Analyst T-Shirt,"20,99",2023-03-13
Data Analyst in Training Future Data Analyst T-Shirt,"20,99",2023-03-13
Data Analyst in Training Future Data Analyst T-Shirt,"20,99",2023-03-13
Data Analyst in Training Future Data Analyst T-Shirt,"20,99",2023-03-14
Data Analyst in Training Future Data Analyst T-Shirt,"20,99",2023-03-14
Data Analyst in Training Future Data Analyst T-Shirt,"20,99",2023-03-14
Data Analyst in Training Future Data Analyst T-Shirt,"20,99",2023-03-14
Data Analyst in Training Future Data Analyst T-Shirt,"20,99",2023-03-14
Data Analyst in Training Future Data Analyst T-Shirt,"20,99",2023-03-14
Data Analyst in Training Future Data Analyst T-Shirt,"20,99",2023-03-15
Data Analyst in Training Future Data Analyst T-Shirt,"20,99",2023-03-15
Data Analyst in Training Future Data Analyst T-Shirt,"20,99",2023-03-15
Data Analyst in Training Future Data Analyst T-Shirt,"20,99",2023-03-15
Data Analyst in Training Future Data Analyst T-Shirt,"20,99",2023-03-15
Data Analyst in Training Future Data Analyst T-Shirt,"20,99",2023-03-15
Data Analyst in Training Future Data Analyst T-Shirt,"20,99",2023-03-15
